<?xml version="1.0" encoding="UTF-8"?>
<configurationDescriptor version="100">
  <logicalFolder name="root" displayName="root" projectFiles="true" kind="ROOT">
    <logicalFolder name="HeaderFiles"
                   displayName="Header Files"
                   projectFiles="true">
      <itemPath>BalancedTree.h</itemPath>
      <itemPath>Hangman.h</itemPath>
      <itemPath>Hash.h</itemPath>
      <itemPath>RecursiveSorts.h</itemPath>
      <itemPath>Scoreboard.h</itemPath>
      <itemPath>WordFetch.h</itemPath>
    </logicalFolder>
    <logicalFolder name="ResourceFiles"
                   displayName="Resource Files"
                   projectFiles="true">
    </logicalFolder>
    <logicalFolder name="SourceFiles"
                   displayName="Source Files"
                   projectFiles="true">
      <itemPath>BalancedTree.cpp</itemPath>
      <itemPath>Hangman.cpp</itemPath>
      <itemPath>Hash.cpp</itemPath>
      <itemPath>RecursiveSorts.cpp</itemPath>
      <itemPath>Scoreboard.cpp</itemPath>
      <itemPath>WordFetch.cpp</itemPath>
      <itemPath>main.cpp</itemPath>
    </logicalFolder>
    <logicalFolder name="TestFiles"
                   displayName="Test Files"
                   projectFiles="false"
                   kind="TEST_LOGICAL_FOLDER">
    </logicalFolder>
    <logicalFolder name="ExternalFiles"
                   displayName="Important Files"
                   projectFiles="false"
                   kind="IMPORTANT_FILES_FOLDER">
      <itemPath>Makefile</itemPath>
    </logicalFolder>
  </logicalFolder>
  <projectmakefile>Makefile</projectmakefile>
  <confs>
    <conf name="Debug" type="1">
      <toolsSet>
        <compilerSet>default</compilerSet>
        <dependencyChecking>true</dependencyChecking>
        <rebuildPropChanged>false</rebuildPropChanged>
      </toolsSet>
      <compileType>
      </compileType>
      <item path="BalancedTree.cpp" ex="false" tool="1" flavor2="0">
      </item>
      <item path="BalancedTree.h" ex="false" tool="3" flavor2="0">
      </item>
      <item path="Hangman.cpp" ex="false" tool="1" flavor2="0">
      </item>
      <item path="Hangman.h" ex="false" tool="3" flavor2="0">
      </item>
      <item path="Hash.cpp" ex="false" tool="1" flavor2="0">
      </item>
      <item path="Hash.h" ex="false" tool="3" flavor2="0">
      </item>
      <item path="RecursiveSorts.cpp" ex="false" tool="1" flavor2="0">
      </item>
      <item path="RecursiveSorts.h" ex="false" tool="3" flavor2="0">
      </item>
      <item path="Scoreboard.cpp" ex="false" tool="1" flavor2="0">
      </item>
      <item path="Scoreboard.h" ex="false" tool="3" flavor2="0">
      </item>
      <item path="WordFetch.cpp" ex="false" tool="1" flavor2="0">
      </item>
      <item path="WordFetch.h" ex="false" tool="3" flavor2="0">
      </item>
      <item path="main.cpp" ex="false" tool="1" flavor2="0">
      </item>
    </conf>
    <conf name="Release" type="1">
      <toolsSet>
        <compilerSet>default</compilerSet>
        <dependencyChecking>true</dependencyChecking>
        <rebuildPropChanged>false</rebuildPropChanged>
      </toolsSet>
      <compileType>
        <cTool>
          <developmentMode>5</developmentMode>
        </cTool>
        <ccTool>
          <developmentMode>5</developmentMode>
        </ccTool>
        <fortranCompilerTool>
          <developmentMode>5</developmentMode>
        </fortranCompilerTool>
        <asmTool>
          <developmentMode>5</developmentMode>
        </asmTool>
      </compileType>
      <item path="BalancedTree.cpp" ex="false" tool="1" flavor2="0">
      </item>
      <item path="BalancedTree.h" ex="false" tool="3" flavor2="0">
      </item>
      <item path="Hangman.cpp" ex="false" tool="1" flavor2="0">
      </item>
      <item path="Hangman.h" ex="false" tool="3" flavor2="0">
      </item>
      <item path="Hash.cpp" ex="false" tool="1" flavor2="0">
      </item>
      <item path="Hash.h" ex="false" tool="3" flavor2="0">
      </item>
      <item path="RecursiveSorts.cpp" ex="false" tool="1" flavor2="0">
      </item>
      <item path="RecursiveSorts.h" ex="false" tool="3" flavor2="0">
      </item>
      <item path="Scoreboard.cpp" ex="false" tool="1" flavor2="0">
      </item>
      <item path="Scoreboard.h" ex="false" tool="3" flavor2="0">
      </item>
      <item path="WordFetch.cpp" ex="false" tool="1" flavor2="0">
      </item>
      <item path="WordFetch.h" ex="false" tool="3" flavor2="0">
      </item>
      <item path="main.cpp" ex="false" tool="1" flavor2="0">
      </item>
    </conf>
  </confs>
</configurationDescriptor>
