<?xml version="1.0" encoding="UTF-8"?>
<project-private xmlns="http://www.netbeans.org/ns/project-private/1">
    <data xmlns="http://www.netbeans.org/ns/make-project-private/1">
        <activeConfTypeElem>1</activeConfTypeElem>
        <activeConfIndexElem>0</activeConfIndexElem>
    </data>
    <editor-bookmarks xmlns="http://www.netbeans.org/ns/editor-bookmarks/2" lastBookmarkId="0"/>
    <open-files xmlns="http://www.netbeans.org/ns/projectui-open-files/2">
        <group>
            <file>file:/C:/Users/DangerousPirate/Desktop/Vo,%20Kevin%20-%20Project%201%20-%2042475/Hangman_v11/Hangman.h</file>
            <file>file:/C:/Users/DangerousPirate/Desktop/Vo,%20Kevin%20-%20Project%201%20-%2042475/Hangman_v11/Scoreboard.h</file>
            <file>file:/C:/Users/DangerousPirate/Desktop/Vo,%20Kevin%20-%20Project%201%20-%2042475/Hangman_v11/WordFetch.h</file>
            <file>file:/C:/Users/DangerousPirate/Desktop/Vo,%20Kevin%20-%20Project%201%20-%2042475/Hangman_v11/Hangman.cpp</file>
            <file>file:/C:/Users/DangerousPirate/Desktop/Vo,%20Kevin%20-%20Project%201%20-%2042475/Hangman_v11/main.cpp</file>
            <file>file:/C:/Users/DangerousPirate/Desktop/Vo,%20Kevin%20-%20Project%201%20-%2042475/Hangman_v11/Scoreboard.cpp</file>
            <file>file:/C:/Users/DangerousPirate/Desktop/Vo,%20Kevin%20-%20Project%201%20-%2042475/Hangman_v11/WordFetch.cpp</file>
        </group>
    </open-files>
</project-private>
